{
  "dependencies": {
    "storage1": {
      "resourceId": "/subscriptions/[parameters('subscriptionId')]/resourceGroups/[parameters('resourceGroupName')]/providers/Microsoft.Storage/storageAccounts/storageaccountbilaubfaf",
      "type": "storage.azure",
      "connectionId": "AzureWebJobsStorage"
    },
    "appInsights1": {
      "resourceId": "/subscriptions/[parameters('subscriptionId')]/resourceGroups/[parameters('resourceGroupName')]/providers/microsoft.insights/components/Lab6DATC",
      "type": "appInsights.azure",
      "connectionId": "APPINSIGHTS_CONNECTIONSTRING",
      "secretStore": "AzureAppSettings"
    }
  }
}